epoch,critic_loss,generator_loss,wasserstein_estimate,clip_boundary_fraction,epsilon,duration_seconds
1,-0.01580081859846478,-0.0028162146903923714,0.01580081859846478,0.05062265566391599,1.875623967211905,2.3249688148498535
2,-0.027216386090478172,-0.01535233606894811,0.027216386090478172,0.023369842460615155,2.158820276672568,1.7908082008361816
3,-0.0317086990436782,-0.0393999480875209,0.0317086990436782,0.02075671091685964,2.3972842022969023,1.6759111881256104
4,-0.029569412622114887,-0.07587123091022173,0.029569412622114887,0.019162790697674417,2.61229401212466,1.8571512699127197
5,-0.019402429947386616,-0.11068525264660517,0.019402429947386616,0.017377213868684557,2.81072675909018,2.0024476051330566
6,-0.011424275520055191,-0.1292168223299086,0.011424275520055191,0.015844613327244853,2.998029652178636,2.122058391571045
7,-0.009596551566020302,-0.12940705418586732,0.009596551566020302,0.015159529012687953,3.1746687531538287,2.3990280628204346
8,-0.009564510344163231,-0.12588192870219547,0.009564510344163231,0.014250562640660165,3.3436157607016894,2.6847198009490967
9,-0.007784462007491485,-0.10987382847815752,0.007784462007491485,0.0134951563977951,3.5058986724623784,2.694453716278076
10,-0.007586038307003353,-0.10836904694636663,0.007586038307003353,0.01311353925437881,3.662338217997733,2.281108856201172
11,-0.007838669354500978,-0.10402993460496267,0.007838669354500978,0.012600410972308294,3.8136566192305614,1.9550726413726807
12,-0.006574885838705561,-0.10645522177219391,0.006574885838705561,0.012376528914837408,3.960507724651512,1.9846172332763672
13,-0.0025090063395707502,-0.10581033726533254,0.0025090063395707502,0.011480609282755471,4.102822673637486,1.9751620292663574
14,0.00036626600700875986,-0.11223733127117157,-0.00036626600700875986,0.010425258488535179,4.240978587854566,1.579925775527954
15,-0.0014041279969008072,-0.09848736319690943,0.0014041279969008072,0.010256303206236342,4.376064488835864,1.5963292121887207
16,-0.0024074155675328297,-0.0905245989561081,0.0024074155675328297,0.010280048272937796,4.508625322273617,2.011988639831543
17,-0.0005153090409610583,-0.10185290525356928,0.0005153090409610583,0.009867379888450373,4.637032426761823,2.053788185119629
18,-0.003806871969414794,-0.07452585222199559,0.003806871969414794,0.009831370886199809,4.763338659548578,1.9785969257354736
19,-0.0043703052012816716,-0.09230421930551529,0.0043703052012816716,0.009609315372321339,4.887468148156887,1.881338119506836
20,-0.0013507322772689488,-0.07929638624191285,0.0013507322772689488,0.00927505789490851,5.008379950145769,2.5886495113372803
21,-0.0022618195608906126,-0.08096188073977828,0.0022618195608906126,0.009135457777487851,5.12838112523576,1.9833292961120605
22,-0.003597995023364606,-0.07082983354727428,0.003597995023364606,0.00913284842949868,5.244740160388576,1.76967453956604
23,-0.0032827607963396154,-0.0685724233587583,0.0032827607963396154,0.009282494536677646,5.360748376871228,1.806105613708496
24,-0.0015970628870570142,-0.07821493316441774,0.0015970628870570142,0.009110538504191268,5.473395602255316,1.779733419418335
25,0.0014672131965989652,-0.0800533726811409,-0.0014672131965989652,0.008498254998532241,5.585534244605331,1.886554479598999
26,-0.0017478959229977234,-0.0689865027864774,0.0017478959229977234,0.00841606053687335,5.695326486241889,1.8356776237487793
27,-0.005242599498318589,-0.06336210831068456,0.005242599498318589,0.008730095567370103,5.803708598090937,1.7835636138916016
28,-0.0009748485425244207,-0.05956023285786311,0.0009748485425244207,0.008313513160898919,5.911534786657976,1.772526741027832
29,-0.001354543897120849,-0.0661628559231758,0.001354543897120849,0.008181871554845234,6.016264422836077,1.753488302230835
30,-0.0001202057237210481,-0.07301477901637554,0.0001202057237210481,0.007929808539091294,6.120994059014178,1.8088700771331787
31,-0.0010283072681530662,-0.06501597836613655,0.0010283072681530662,0.007864574839362013,6.224235647139527,1.894730806350708
32,-0.0023535864184732022,-0.06858620097239812,0.0023535864184732022,0.007953292670993836,6.325409002568813,1.7521092891693115
33,-0.0008177394452302352,-0.07500038482248783,0.0008177394452302352,0.007623732019961512,6.426582357998099,1.8639230728149414
34,0.00022781348746755847,-0.07401591936747233,-0.00022781348746755847,0.00738562901594964,6.5264223970050095,1.8272395133972168
35,0.0002737950695597607,-0.05990631009141604,-0.0002737950695597607,0.007169444535046803,6.624128755081024,1.7274346351623535
36,-0.0035339780151844025,-0.06413816125132143,0.0035339780151844025,0.007417984931015364,6.72183511315704,1.7734241485595703
37,0.0004562320916549019,-0.06635334293047587,-0.0004562320916549019,0.007195798949737431,6.819525109535927,1.7797880172729492
38,-0.0008984797674676646,-0.06424327169855436,0.0008984797674676646,0.007234417299977168,6.913847643582318,1.7600557804107666
39,0.001389226997676103,-0.0733548910357058,-0.001389226997676103,0.006974004370657883,7.008170177628707,1.8351972103118896
40,0.0011235746838476348,-0.06303788398702939,-0.0011235746838476348,0.006967220065886034,7.102492711675098,1.866070032119751
41,0.0007889142826847408,-0.053870671739180885,-0.0007889142826847408,0.006817704426106526,7.196072342717546,1.7969789505004883
42,-0.001031337791810865,-0.05351548199541867,0.001031337791810865,0.006949867901758047,7.28708879715246,1.7365314960479736
43,0.0020639165102139764,-0.061399710426727934,-0.0020639165102139764,0.006563423464561791,7.3781052515873755,1.658170461654663
44,0.0006431736375974572,-0.05870024437705676,-0.0006431736375974572,0.006564206268958544,7.46912170602229,1.5552771091461182
45,0.0014119908699522848,-0.05342477257363498,-0.0014119908699522848,0.006429824847516227,7.560138160457204,1.771604061126709
46,0.001064877309229063,-0.058483750373125074,-0.001064877309229063,0.0066651880361394715,7.647989523877044,1.774338960647583
47,0.0003643532324096431,-0.05702028398712476,-0.0003643532324096431,0.006632310251475911,7.7357727963160245,1.7158880233764648
48,0.000861829065758249,-0.04985164338722825,-0.000861829065758249,0.006544897093838678,7.823556068755008,1.7375869750976562
49,0.0005041373812634012,-0.049251095453898115,-0.0005041373812634012,0.006464790110571121,7.911339341193988,1.7324726581573486
50,0.000527744626869326,-0.053777691721916196,-0.000527744626869326,0.006328582145536384,7.998524829795445,1.7519302368164062
