task,model,epochs,evaluator,accuracy,mean_confidence,robust_coverage,normalized_entropy,feature_fid,epsilon,delta,training_seconds
MNIST 0-9,DP-ACWGAN-CP,100,ConvNet,0.9000,0.935171,9,0.942764,818.593189,7.997380,0.00001,3403.054409
MNIST 0-9,DP-ACWGAN-CP,100,LeNet,1.0000,0.999497,10,1.000000,592.833211,7.997380,0.00001,3403.054409
MNIST 0-9,DP-CVAE,100,ConvNet,0.9112,0.928668,10,0.996156,347.060234,7.990495,0.00001,2090.586577
MNIST 0-9,DP-CVAE,100,LeNet,0.9086,0.954102,10,0.995606,522.218835,7.990495,0.00001,2090.586577
MNIST digit 8,DP-CVAE epsilon 1.9,100,ConvNet,1.0000,0.999228,1,0.000000,433.872030,1.895280,0.00001,273.192140
MNIST digit 8,DP-CVAE epsilon 1.9,100,LeNet,0.9988,0.984234,1,0.004261,1261.656210,1.895280,0.00001,273.192140
MNIST digit 8,DP-CVAE epsilon 8,100,ConvNet,0.9987,0.994630,1,0.004921,306.335346,7.993847,0.00001,271.825480
MNIST digit 8,DP-CVAE epsilon 8,100,LeNet,0.9940,0.988990,1,0.019021,733.866501,7.993847,0.00001,271.825480
MNIST digit 8,DP-DCGAN epsilon under 2,100,ConvNet,1.0000,0.999969,1,0.000000,535.124638,1.887707,0.00001,382.509059
MNIST digit 8,DP-DCGAN epsilon under 2,100,LeNet,1.0000,0.999998,1,0.000000,636.806249,1.887707,0.00001,382.509059
MNIST digit 8,DP-WGAN-CP epsilon 1.9,100,ConvNet,1.0000,0.999895,1,0.000000,1813.222283,1.895280,0.00001,273.393374
MNIST digit 8,DP-WGAN-CP epsilon 1.9,100,LeNet,1.0000,0.999828,1,0.000000,922.313780,1.895280,0.00001,273.393374
MNIST digit 8,DP-WGAN-CP epsilon 8,100,ConvNet,1.0000,0.999820,1,0.000000,420.773755,7.993847,0.00001,269.684041
MNIST digit 8,DP-WGAN-CP epsilon 8,100,LeNet,1.0000,0.999707,1,0.000000,294.388083,7.993847,0.00001,269.684041
